# NOT 3.5.1-blind: in-session subagents, one vendor, repo as cwd.
# Fresh contexts per pass (no generator trace), package staged outside
# the repo and neutrally named. Do NOT pool these rows with --bare rows.
# Cumulative; never restarted.
pass	model	status	cost_usd	response
A	sonnet	CLEAN	n/a	0048-RKHS-1-r6-audit-response-A-general.md
B	sonnet	DEFECTS	n/a	0048-RKHS-1-r6-audit-response-B-statement-drift-scope.md
C	sonnet	CLEAN	n/a	0048-RKHS-1-r6-audit-response-C-measure-theoretic.md
D	sonnet	CLEAN	n/a	0048-RKHS-1-r6-audit-response-D-line-by-line.md
E	sonnet	CLEAN	n/a	0048-RKHS-1-r6-audit-response-E-refutation-source-fidelity.md
