# Blind: fresh-context referee, package-only, no project context. Package built fresh at 376ac45
# and the artifact verified byte-identical to main before the pass, the previous round's staged
# package having gone stale.
# Package: ARTIFACT (kappa-3) + Contract + cards S1/S2 + deps (kappa-1-r3, kappa-2-r2).
# The two deps were supplied as REFERENCE ONLY, kappa-3 declaring them [INHERITED] and not
# reproving them, both having been reviewed in their own rounds. The referee was instructed to
# check every citation into them for faithfulness but not to re-referee them internally.
# No earlier tally carries over: each was recorded against different content.
# Cumulative; never restarted.
pass	model	angle	verdict	fatal	serious	minor
1	opus	blind-referee-full-package	DEFECTS	0	1	0
